Total Counts,Casual User Count,Member User Count,Classic Bike Count,Electric Bike Count,bus,rail_boardings,total_rides,tavg,tmin,tmax,prcp,snow,wdir,wspd,wpgt,pres,tsun
14961,4658,10302,0,0,5293780,4754018,10047798,117.3,97.8,138.2,77.9,0.0,1620.0,132.5,0.0,7107.6,0.0
88411,19247,69164,0,0,5401326,5160414,10561740,124.1,92.80000000000001,153.79999999999998,22.1,0.0,824.0,83.3,0.0,7135.0,0.0
83531,18678,64849,0,0,5164349,4885979,10050328,112.2,75.5,145.5,22.1,0.0,1391.0,99.1,0.0,7138.1,0.0
82545,15590,66954,0,0,5357349,4954257,10311606,109.7,71.0,144.5,0.0,0.0,1599.0,125.0,0.0,7098.7,0.0
69579,12419,57159,0,0,5274297,5177490,10451787,82.8,53.4,103.39999999999999,31.200000000000003,0.0,1046.0,107.5,0.0,7152.6,0.0
84045,18838,65203,0,0,5320352,5405956,10726308,103.5,73.4,138.4,14.0,0.0,781.0,71.1,0.0,7154.5,0.0
64917,8863,56053,0,0,5061169,4760427,9821596,74.39999999999999,44.4,106.1,0.3,0.0,1470.0,113.9,0.0,7167.7,0.0
54224,3723,50501,0,0,5145793,4793930,9939723,60.9,22.1,93.8,2.8,0.0,1438.0,117.0,0.0,7105.5,0.0
27784,2730,25053,0,0,3891484,3455936,7347420,26.1,3.999999999999999,48.4,10.200000000000001,0.0,1452.0,90.6,0.0,7160.400000000001,0.0
39020,1870,37149,0,0,5144488,4589843,9734331,32.6,17.8,48.4,40.4,127.0,1399.0,116.4,0.0,7080.9,0.0
28201,505,27696,0,0,4912306,4397674,9309980,-18.0,-31.1,-4.3999999999999995,12.0,279.0,1669.0,122.4,0.0,7158.7,0.0
14732,147,14585,0,0,4385578,4068350,8453928,-65.9,-97.3,-35.599999999999994,4.9,814.0,1500.0,118.5,0.0,7157.6,0.0
15774,447,15327,0,0,4193710,3478410,7672120,-14.799999999999999,-38.9,8.899999999999999,2.8,584.0,1204.0,110.3,0.0,7183.200000000001,0.0
17835,1911,15924,0,0,3500322,3031700,6532022,10.299999999999999,-22.2,35.6,6.6,0.0,1622.0,143.2,0.0,7105.6,0.0
17722,367,17355,0,0,3555250,3399440,6954690,-53.6,-83.39999999999999,-31.0,6.6,0.0,1776.0,118.8,0.0,7168.0,0.0
22049,581,21468,0,0,4665138,4175393,8840531,-8.399999999999999,-35.7,21.099999999999998,22.099999999999998,0.0,1277.0,124.3,0.0,7166.9,0.0
31308,3155,28152,0,0,4594530,4244175,8838705,28.0,12.8,47.800000000000004,52.3,0.0,938.0,87.5,0.0,7077.3,0.0
29574,707,28867,0,0,4843818,4333235,9177053,4.9,-4.3999999999999995,15.6,2.8,0.0,2018.0,131.0,0.0,7064.9,0.0
28125,807,27318,0,0,4943408,4287749,9231157,-13.2,-40.5,14.4,0.5,0.0,1826.0,136.1,0.0,7141.9,0.0
32039,1912,30127,0,0,5011242,4335350,9346592,12.600000000000001,-22.9,48.9,14.0,0.0,1560.0,132.5,0.0,7098.799999999999,0.0
58071,14839,43231,0,0,5101927,4443540,9545467,44.599999999999994,6.0,85.5,0.0,0.0,1162.0,100.5,0.0,7087.9,0.0
44670,5665,39005,0,0,4817432,4194683,9012115,56.9,25.099999999999998,91.0,11.0,0.0,1406.0,130.0,0.0,7073.3,0.0
35847,2620,33225,0,0,5070442,4364846,9435288,30.799999999999997,-1.0999999999999992,63.9,46.5,0.0,1585.0,132.7,0.0,7148.4,0.0
37837,2492,35345,0,0,4999392,4471699,9471091,27.1,3.8000000000000007,55.6,6.7,0.0,1047.0,157.8,0.0,7154.2,0.0
25747,2208,23539,0,0,4772972,4378991,9151963,6.1000000000000005,-22.2,32.8,12.3,254.0,1451.0,121.10000000000001,0.0,7172.799999999999,0.0
40335,4539,35796,0,0,4835067,4188101,9023168,52.6,22.200000000000003,91.2,46.2,0.0,703.0,133.9,0.0,7144.1,0.0
39812,5419,34393,0,0,4980606,4426809,9407415,49.2,23.5,70.5,62.7,0.0,358.0,125.5,0.0,7115.1,0.0
54118,13895,40223,0,0,4954100,4540723,9494823,69.5,43.9,101.0,51.3,0.0,1480.0,153.0,0.0,7066.8,0.0
68898,21145,47753,0,0,4449701,4355598,8805299,101.5,61.199999999999996,140.7,37.0,0.0,824.0,123.9,0.0,7133.3,0.0
74228,14841,59387,0,0,4952433,4578160,9530593,95.1,48.9,136.7,2.8,0.0,824.0,112.6,0.0,7127.099999999999,0.0
58246,7118,51128,0,0,4880082,4378931,9259013,91.3,59.6,125.0,99.10000000000001,0.0,696.0,140.6,0.0,7057.4,0.0
56490,8235,48255,0,0,5135831,4625381,9761212,65.6,40.0,92.1,13.4,0.0,994.0,148.7,0.0,7078.1,0.0
77226,18491,58735,0,0,5002704,4440433,9443137,93.60000000000001,58.3,134.5,33.9,0.0,263.0,88.0,0.0,7099.3,0.0
81183,16552,64631,0,0,4883706,4491077,9374783,131.2,86.1,166.7,31.7,0.0,1099.0,161.5,0.0,7080.8,0.0
83718,25392,58326,0,0,4906163,4535270,9441433,114.1,86.0,150.0,33.8,0.0,1143.0,104.7,0.0,7054.9,0.0
117968,37236,80732,0,0,4650984,4250841,8901825,151.8,107.1,190.5,0.0,0.0,1351.0,97.7,0.0,7094.0,0.0
122248,34223,88025,0,0,5117715,4975790,10093505,158.2,116.7,201.1,1.8,0.0,700.0,133.1,0.0,7087.3,0.0
108542,27651,80891,0,0,4904408,4535329,9439737,182.0,149.4,219.5,11.2,0.0,1386.0,116.5,0.0,7058.1,0.0
122582,33209,89373,0,0,4673420,4785664,9459084,150.9,117.2,185.6,28.400000000000002,0.0,1649.0,122.4,0.0,7081.2,0.0
120764,35332,85432,0,0,4647846,4599045,9246891,155.0,118.3,193.8,14.3,0.0,1649.0,111.8,0.0,7093.6,0.0
135968,51365,84603,0,0,4246809,4153989,8400798,174.9,137.8,207.9,0.0,0.0,744.0,93.1,0.0,7105.6,0.0
117908,31916,85992,0,0,4590016,4517333,9107349,167.7,137.2,194.4,34.599999999999994,0.0,1011.0,98.3,0.0,7097.4,0.0
119322,32902,86420,0,0,4616057,4579144,9195201,177.3,141.1,216.8,77.0,0.0,1163.0,80.2,0.0,7093.7,0.0
132969,36920,96049,0,0,4687230,4614057,9301287,164.6,138.3,189.5,1.8,0.0,404.0,112.8,0.0,7118.6,0.0
125947,34893,91054,0,0,4670144,4931709,9601853,159.1,126.1,191.7,24.2,0.0,1058.0,86.5,0.0,7109.6,0.0
133698,38931,94764,0,0,4638548,4503238,9141786,155.6,116.7,188.29999999999998,0.0,0.0,863.0,79.2,0.0,7122.2,0.0
128576,37448,91128,0,0,4606877,4524619,9131496,147.2,138.8,207.79999999999998,7.1,0.0,830.0,72.6,0.0,6073.3,0.0
122492,30760,91732,0,0,4557194,4363448,8920642,149.6,115.1,182.3,11.5,0.0,1459.0,97.2,0.0,7126.6,0.0
117944,32080,85864,0,0,4895224,4722348,9617572,140.9,109.4,173.3,9.4,0.0,689.0,87.5,0.0,7119.9,0.0
105368,25564,79804,0,0,4734972,4350540,9085512,123.19999999999999,93.4,156.6,0.0,0.0,1373.0,109.1,0.0,7130.7,0.0
116912,26223,90689,0,0,5271828,4972418,10244246,153.0,116.1,194.4,1.3,0.0,933.0,81.3,0.0,7105.2,0.0
115004,25466,89538,0,0,5206066,4738848,9944914,182.8,146.7,222.2,4.8,0.0,932.0,78.9,0.0,7104.6,0.0
109103,19917,89186,0,0,5315147,4821419,10136566,143.3,111.1,175.0,0.0,0.0,1607.0,109.9,0.0,7138.3,0.0
99988,19472,80516,0,0,5277758,4991327,10269085,143.0,112.2,176.6,27.9,0.0,1101.0,111.5,0.0,7113.2,0.0
75030,12639,62391,0,0,4926427,4703088,9629515,116.4,93.4,142.2,180.6,0.0,788.0,111.8,0.0,7116.1,0.0
96007,17281,78726,0,0,5242740,4874004,10116744,114.6,76.7,155.7,19.3,0.0,1371.0,122.5,0.0,7137.4,0.0
52639,4217,48422,0,0,5025188,4633176,9658364,51.199999999999996,28.4,74.9,43.8,0.0,1776.0,120.5,0.0,7061.8,0.0
48813,2785,46028,0,0,5052795,4549660,9602455,50.7,32.2,66.2,17.2,0.0,1066.0,107.3,0.0,7107.8,0.0
45126,1928,43198,0,0,5018330,4607280,9625610,16.4,-12.8,40.5,3.0,0.0,764.0,99.3,0.0,7192.599999999999,0.0
42267,1608,40659,0,0,4989749,4622307,9612056,30.799999999999997,5.0,51.7,41.2,0.0,1806.0,125.3,0.0,7124.5,0.0
34114,4936,29178,0,0,3873148,3397530,7270678,33.0,-6.700000000000001,68.9,1.5,0.0,1719.0,125.6,0.0,7108.2,0.0
59557,5633,53924,0,0,5169846,4599368,9769214,56.6,16.1,90.6,0.0,0.0,1182.0,89.0,0.0,7138.7,0.0
35933,1025,34908,0,0,4883611,4402663,9286274,5.1,-26.1,31.6,1.1,0.0,1782.0,174.3,0.0,7102.1,0.0
31815,1010,30805,0,0,4799570,4270708,9070278,-3.8999999999999995,-29.5,27.1,1.3,50.0,1764.0,114.4,0.0,7098.3,0.0
29714,876,28838,0,0,4606473,3832883,8439356,13.1,-3.8,27.9,6.1,76.0,1629.0,111.7,0.0,7124.3,0.0
5726,106,5620,0,0,2701186,2298218,4999404,-94.2,-117.8,-70.5,2.8,382.0,1737.0,113.4,0.0,7237.6,0.0
11319,187,11132,0,0,3154893,2979721,6134614,-95.3,-125.0,-67.2,1.3,331.0,1891.0,125.5,0.0,7216.9,0.0
25341,406,24935,0,0,4506967,3952140,8459107,-9.0,-45.0,15.0,6.1,75.0,1717.0,147.9,0.0,7154.8,0.0
23204,953,22251,0,0,4357454,3974989,8332443,-18.9,-48.2,7.800000000000001,3.6,254.0,1567.0,130.4,0.0,7152.1,0.0
34742,1735,33007,0,0,4781998,4297873,9079871,26.7,-0.5000000000000004,49.5,17.6,0.0,1401.0,124.4,0.0,7132.299999999999,0.0
25620,381,25239,0,0,4637438,4111945,8749383,-26.6,-65.1,10.0,3.8,101.0,1887.0,148.6,0.0,7156.4,0.0
13241,116,13125,0,0,4265559,3926953,8192512,-56.1,-81.1,-37.8,34.800000000000004,1322.0,1098.0,97.1,0.0,7183.2,0.0
25565,629,24936,0,0,4857511,4347519,9205030,-6.3999999999999995,-44.5,28.299999999999997,2.0,939.0,1667.0,96.0,0.0,7165.0,0.0
29085,1324,27761,0,0,4651103,4126043,8777146,37.5,7.2,69.5,98.1,0.0,1059.0,148.8,0.0,7141.1,0.0
43839,3255,40584,0,0,5007710,4330878,9338588,40.9,8.299999999999999,74.0,18.8,0.0,892.0,118.5,0.0,7161.3,0.0
35156,2019,33137,0,0,4871203,4268995,9140198,4.3,-16.6,28.4,4.6,0.0,1268.0,114.7,0.0,7118.0,0.0
43545,4642,38903,0,0,4912980,4616081,9529061,15.7,-15.1,51.0,9.899999999999999,51.0,1049.0,107.9,0.0,7126.4,0.0
38779,2269,36510,0,0,4785729,4253235,9038964,15.5,-8.3,41.1,0.0,0.0,323.0,158.7,0.0,7152.6,0.0
40059,5078,34981,0,0,4191671,3922250,8113921,42.6,11.7,72.8,16.6,0.0,948.0,108.9,0.0,7130.7,0.0
35203,2413,32790,0,0,4833328,4309501,9142829,6.4,-24.4,32.8,6.1,0.0,1330.0,114.9,0.0,7119.4,0.0
40411,2743,37668,0,0,4704682,4352908,9057590,43.300000000000004,14.9,76.69999999999999,35.8,0.0,796.0,134.5,0.0,7090.5,0.0
46493,5723,40770,0,0,4778316,4364612,9142928,36.9,9.6,69.5,5.3999999999999995,25.0,720.0,111.5,0.0,7152.4,0.0
61668,8070,53598,0,0,4960757,4489864,9450621,67.8,29.4,104.6,1.5,0.0,204.0,110.1,0.0,7126.299999999999,0.0
91894,20651,71243,0,0,5066027,4515402,9581429,139.5,95.5,181.8,10.7,0.0,1256.0,134.8,0.0,7098.5,0.0
75768,12419,63349,0,0,4869464,4486372,9355836,111.4,77.2,148.4,29.3,0.0,702.0,114.10000000000001,0.0,7109.6,0.0
74799,11595,63204,0,0,4752164,4306463,9058627,112.0,77.7,154.6,43.2,0.0,266.0,93.1,0.0,7107.1,0.0
106424,31152,75272,0,0,4824282,4544025,9368307,151.4,110.6,193.9,33.6,0.0,768.0,63.9,0.0,6084.8,0.0
111821,30076,81745,0,0,4505402,4065373,8570775,161.1,126.1,204.6,24.6,0.0,762.0,105.9,0.0,7065.099999999999,0.0
102717,20854,81863,0,0,4864582,4663141,9527723,136.5,101.0,175.6,57.9,0.0,903.0,92.6,0.0,7098.7,0.0
113405,27343,86062,0,0,4768996,4490299,9259295,171.0,135.0,203.9,12.700000000000001,0.0,906.0,94.3,0.0,7093.5,0.0
98680,24585,74095,0,0,4431147,4595446,9026593,152.7,126.7,183.3,87.69999999999999,0.0,402.0,108.5,0.0,7070.3,0.0
109700,25786,83914,0,0,4507256,4484226,8991482,182.1,150.5,216.7,25.900000000000002,0.0,1062.0,110.60000000000001,0.0,7084.7,0.0
123449,42296,81153,0,0,4125977,3862761,7988738,176.5,141.0,212.2,23.400000000000002,0.0,850.0,89.9,0.0,7155.2,0.0
119926,29684,90242,0,0,4640932,4595781,9236713,187.7,155.0,217.39999999999998,4.8,0.0,1135.0,87.4,0.0,7124.5,0.0
115003,27081,87922,0,0,4566275,4570266,9136541,168.0,142.9,197.3,37.4,0.0,1088.0,113.6,0.0,7079.7,0.0
137421,39023,98398,0,0,4618498,4621262,9239760,165.5,129.9,196.8,0.0,0.0,1585.0,82.7,0.0,7106.3,0.0
129352,35341,94011,0,0,4588542,4847816,9436358,178.4,140.5,216.7,1.1,0.0,787.0,94.7,0.0,7107.7,0.0
124663,33386,91277,0,0,4460078,4458784,8918862,177.3,147.3,211.6,8.399999999999999,0.0,622.0,74.9,0.0,7098.8,0.0
124794,32783,92011,0,0,4434730,4377433,8812163,178.0,147.8,211.1,9.1,0.0,528.0,68.5,0.0,7098.3,0.0
111419,23167,88252,0,0,4405640,4318761,8724401,163.3,132.9,197.8,17.0,0.0,1592.0,107.4,0.0,7098.3,0.0
103023,24436,78587,0,0,4656257,4564089,9220346,175.8,145.1,211.7,68.9,0.0,1413.0,121.0,0.0,7108.5,0.0
86010,17248,68762,0,0,4532470,4207845,8740315,158.8,138.9,183.3,38.1,0.0,741.0,139.3,0.0,7141.5,0.0
122342,27011,95331,0,0,5137611,4983169,10120780,146.3,110.5,193.3,0.0,0.0,319.0,70.6,0.0,7135.8,0.0
111754,21965,89789,0,0,5069701,4793265,9862966,154.0,120.0,188.8,0.0,0.0,729.0,100.5,0.0,7110.8,0.0
92762,15095,77667,0,0,5083056,4985245,10068301,112.6,77.2,144.0,16.7,0.0,1217.0,90.2,0.0,7129.0,0.0
87341,12906,74435,0,0,5130291,5065971,10196262,123.8,96.7,162.2,78.2,0.0,1142.0,113.4,0.0,7117.6,0.0
83112,13529,69583,0,0,4955996,4720014,9676010,98.0,63.2,126.1,39.9,0.0,1559.0,115.0,0.0,7098.9,0.0
68726,7362,61364,0,0,5051456,4747976,9799432,50.800000000000004,13.899999999999999,82.2,4.3,0.0,1834.0,129.2,0.0,7158.0,0.0
70512,7618,62894,0,0,5071565,4689988,9761553,60.3,34.9,85.6,5.3999999999999995,0.0,728.0,84.6,0.0,7124.0,0.0
66161,5816,60345,0,0,5015355,4599962,9615317,66.2,40.5,92.9,37.3,0.0,1331.0,105.4,0.0,7098.5,0.0
49314,2854,46460,0,0,4978908,4557181,9536089,20.5,-2.9000000000000004,41.1,11.7,0.0,1463.0,129.3,0.0,7140.3,0.0
39923,1831,38092,0,0,4660127,4505340,9165467,-2.5,-25.5,16.7,9.3,0.0,1404.0,95.2,0.0,7178.9,0.0
26795,2329,24466,0,0,3672323,3271797,6944120,16.7,-3.4,35.5,27.7,25.0,1461.0,126.1,0.0,7122.0,0.0
26085,835,25250,0,0,4692050,4308522,9000572,1.2000000000000002,-17.3,20.6,36.1,229.0,1061.0,110.4,0.0,7078.4,0.0
34018,1334,32684,0,0,4892230,4393670,9285900,-17.1,-37.2,1.2000000000000004,0.5,0.0,2101.0,97.3,0.0,7187.3,0.0
38326,2162,36164,0,0,4850496,4361260,9211756,11.0,-16.6,41.1,11.0,0.0,867.0,87.6,0.0,7138.4,0.0
36220,1955,34265,0,0,4648478,3985767,8634245,15.9,-5.0,39.9,2.8,0.0,1755.0,106.3,0.0,7100.9,0.0
14971,1623,13348,0,0,2922178,2338716,5260894,11.799999999999999,-16.1,44.9,17.8,0.0,1134.0,118.4,0.0,7146.7,0.0
28931,3062,25869,0,0,3399361,3070560,6469921,13.7,-6.699999999999999,39.5,22.1,0.0,1475.0,109.2,0.0,7115.3,0.0
30930,906,30024,0,0,4450944,3994325,8445269,-4.300000000000001,-25.5,13.300000000000002,14.399999999999999,152.0,912.0,135.5,0.0,7161.6,0.0
28005,500,27505,0,0,4526269,4137817,8664086,-21.0,-38.4,-7.2,10.4,532.0,919.0,133.1,0.0,7161.2,0.0
13994,182,13812,0,0,3884113,3651645,7535758,-73.0,-106.2,-46.1,11.1,940.0,1692.0,109.9,0.0,7146.3,0.0
8871,358,8513,0,0,3097334,2845021,5942355,-77.1,-117.3,-41.2,13.200000000000001,1219.0,1548.0,135.1,0.0,7140.7,0.0
26529,712,25817,0,0,4636591,4158927,8795518,-16.400000000000002,-48.9,8.399999999999999,23.599999999999998,25.0,981.0,121.3,0.0,7159.200000000001,0.0
22820,620,22200,0,0,4629244,4185791,8815035,-18.5,-42.9,5.1,15.8,101.0,1159.0,144.4,0.0,7090.4,0.0
23143,707,22436,0,0,4454227,3960925,8415152,-5.3,-33.9,25.0,15.500000000000002,178.0,1197.0,130.9,0.0,7145.3,0.0
26498,785,25713,0,0,4697522,4091344,8788866,-32.6,-60.5,-10.5,0.0,0.0,1770.0,102.5,0.0,7183.2,0.0
24766,921,23845,0,0,4543857,4010176,8554033,-30.8,-60.6,-2.6999999999999997,13.5,0.0,1315.0,151.0,0.0,7146.0,0.0
41588,4476,37112,0,0,4738758,4469113,9207871,33.300000000000004,0.5000000000000004,67.10000000000001,28.7,0.0,1392.0,134.0,0.0,7127.8,0.0
43978,4921,39057,0,0,4746615,4234604,8981219,33.2,2.7,62.8,6.9,0.0,1199.0,93.0,0.0,7155.7,0.0
46198,5095,41103,0,0,4658021,4020765,8678786,35.9,1.5999999999999996,71.1,24.4,0.0,891.0,129.5,0.0,7155.5,0.0
55500,8937,46563,0,0,4851845,4316845,9168690,62.8,29.4,100.5,14.0,0.0,963.0,107.8,0.0,7142.400000000001,0.0
59844,9415,50429,0,0,4655812,4344563,9000375,63.1,29.5,94.4,33.5,76.0,1214.0,159.3,0.0,7075.900000000001,0.0
67656,15763,51893,0,0,4220627,4033658,8254285,83.9,40.5,132.7,12.7,0.0,1110.0,141.2,0.0,7075.5,0.0
72366,13189,59177,0,0,4721284,4309422,9030706,84.5,51.6,122.8,34.4,25.0,1004.0,118.8,0.0,7095.2,0.0
62856,15175,47681,0,0,4848326,4365648,9213974,71.8,42.8,100.0,103.0,0.0,702.0,103.0,0.0,7119.8,0.0
62819,8525,54294,0,0,4851350,4426094,9277444,79.2,53.7,114.4,62.099999999999994,0.0,530.0,121.2,0.0,7111.0,0.0
87142,16956,70186,0,0,4709580,4241484,8951064,109.30000000000001,65.0,159.4,23.099999999999998,0.0,595.0,96.5,0.0,7075.7,0.0
96233,27128,69105,0,0,4754085,4412345,9166430,125.9,93.3,158.8,26.8,0.0,1208.0,129.4,0.0,6094.3,0.0
95817,25181,70636,0,0,4312092,3840938,8153030,130.5,91.1,172.8,94.9,0.0,1282.0,90.6,0.0,7063.5,0.0
111641,28049,83592,0,0,4937987,4579363,9517350,139.3,103.5,178.8,12.1,0.0,755.0,98.19999999999999,0.0,7090.8,0.0
99354,22704,76650,0,0,4734732,4455194,9189926,130.0,93.2,164.4,35.8,0.0,1484.0,123.30000000000001,0.0,7091.2,0.0
108973,29659,79314,0,0,4639503,4454237,9093740,132.4,100.5,168.3,21.9,0.0,344.0,89.9,0.0,7081.5,0.0
127962,38905,89057,0,0,4638819,4596571,9235390,176.7,144.9,216.70000000000002,35.8,0.0,1210.0,99.0,0.0,7099.0,0.0
118405,45047,73358,0,0,4055127,3650976,7706103,183.4,150.5,218.29999999999998,35.099999999999994,0.0,1071.0,101.4,0.0,7093.3,0.0
131931,42463,89468,0,0,4632715,4544450,9177165,182.0,144.4,220.60000000000002,0.6,0.0,760.0,91.7,0.0,7100.3,0.0
109970,30553,79417,0,0,4430087,4405314,8835401,191.1,164.4,223.9,70.7,0.0,1073.0,114.9,0.0,7078.9,0.0
140344,44761,95583,0,0,4625969,4378708,9004677,169.2,132.8,202.2,0.0,0.0,1215.0,109.3,0.0,7130.2,0.0
142356,47169,95187,0,0,4537834,4654023,9191857,165.1,131.1,194.5,29.7,0.0,424.0,81.6,0.0,7119.8,0.0
143892,48400,95492,0,0,4543349,4409638,8952987,175.3,141.7,211.6,7.2,0.0,1834.0,87.0,0.0,7082.0,0.0
119867,34853,85014,0,0,4306731,4120425,8427156,165.3,140.0,196.1,49.8,0.0,966.0,79.3,0.0,7080.0,0.0
135671,40966,94705,0,0,4456136,4300843,8756979,159.6,133.4,182.3,11.7,0.0,502.0,93.2,0.0,6101.1,0.0
121814,38435,83379,0,0,4636287,4405511,9041798,148.8,120.19999999999999,177.7,42.199999999999996,0.0,1001.0,113.0,0.0,7103.3,0.0
117199,35728,81471,0,0,4563566,4105723,8669289,142.3,116.2,167.1,5.6,0.0,1179.0,97.7,0.0,7115.6,0.0
121613,31292,90321,0,0,5053008,4719924,9772932,164.4,129.5,197.9,45.5,0.0,1288.0,105.19999999999999,0.0,7125.1,0.0
116698,27443,89255,0,0,5045783,4741328,9787111,161.5,135.6,191.0,38.1,0.0,854.0,90.6,0.0,7121.6,0.0
102702,21040,81662,0,0,4965379,4516052,9481431,134.4,110.6,162.4,92.4,0.0,1346.0,120.9,0.0,7092.6,0.0
100628,21465,79163,0,0,5234765,4493897,9728662,127.9,96.2,163.9,29.799999999999997,0.0,1138.0,108.5,0.0,7120.6,0.0
95065,19142,75923,0,0,5002785,4847217,9850002,94.9,51.699999999999996,133.4,14.0,0.0,984.0,115.5,0.0,7118.8,0.0
92071,20599,71472,0,0,4784594,4645254,9429848,74.6,42.3,109.0,0.8,0.0,1279.0,97.0,0.0,7096.6,0.0
72827,10983,61844,0,0,4652621,4436746,9089367,70.0,43.9,92.9,91.99999999999999,0.0,1269.0,122.9,0.0,7091.0,0.0
48130,5724,42406,0,0,4598754,4309633,8908387,29.5,1.2000000000000002,56.099999999999994,40.6,76.0,1640.0,115.7,0.0,7137.3,0.0
54973,5861,49112,0,0,4917062,4430486,9347548,18.8,-11.7,49.0,0.8,0.0,1908.0,117.9,0.0,7163.3,0.0
29227,2378,26849,0,0,4477295,4215010,8692305,-19.799999999999997,-46.3,8.499999999999998,7.2,229.0,1684.0,108.7,0.0,7182.0,0.0
48260,4248,44012,0,0,4903968,4523531,9427499,29.8,8.8,52.7,14.0,0.0,1751.0,93.7,0.0,7090.2,0.0
27924,3133,24791,0,0,3698943,3124812,6823755,32.1,9.5,58.3,23.799999999999997,0.0,1237.0,123.30000000000001,0.0,7081.3,0.0
46994,3821,43173,0,0,4944263,4355226,9299489,17.1,-8.9,41.1,0.0,0.0,1431.0,114.6,0.0,7113.2,0.0
37467,2370,35097,0,0,4706857,4124754,8831611,-5.8999999999999995,-38.9,16.0,0.8,0.0,1385.0,113.5,0.0,7122.9,0.0
35773,3017,32756,0,0,4526476,3930274,8456750,-5.6,-34.5,26.0,0.3,0.0,1564.0,101.2,0.0,7178.5,0.0
27474,6629,20845,0,0,3044310,2343671,5387981,53.1,15.5,86.7,25.700000000000003,0.0,1208.0,103.0,0.0,7109.3,0.0
26229,368,5129,0,0,3386555,2852309,6238864,9.600000000000001,-13.299999999999999,36.7,4.0,25.0,1831.0,150.0,0.0,7060.7,0.0
35051,0,0,0,0,4422548,3855062,8277610,7.800000000000001,-22.1,34.6,49.1,50.0,787.0,137.6,0.0,7138.3,0.0
31479,0,0,0,0,4516858,4082911,8599769,-19.7,-50.5,4.499999999999999,16.0,151.0,1412.0,135.2,0.0,7182.2,0.0
25173,0,0,0,0,4302928,3794956,8097884,-6.5,-22.1,10.0,13.700000000000001,100.0,1527.0,99.19999999999999,0.0,7152.299999999999,0.0
40070,0,0,0,0,4710668,4087387,8798055,9.3,-2.8000000000000003,23.299999999999997,1.5,0.0,1487.0,83.2,0.0,7120.7,0.0
32361,0,0,0,0,4733863,4034452,8768315,-1.1102230246251565e-16,-21.2,17.7,9.2,227.0,872.0,130.8,0.0,7097.5,0.0
28513,0,0,0,0,4573500,4021151,8594651,-30.3,-66.1,3.400000000000001,7.3,406.0,1928.0,103.7,0.0,7158.6,0.0
39585,0,0,0,0,4569824,3903000,8472824,-3.299999999999999,-38.8,29.9,5.6,0.0,1740.0,124.2,0.0,7187.0,0.0
37918,0,0,0,0,4709017,4028530,8737547,2.0,-23.400000000000002,24.4,5.4,177.0,1464.0,143.8,0.0,7118.6,0.0
57229,0,0,0,0,4805067,4056864,8861931,36.7,1.2000000000000002,74.4,0.0,0.0,1848.0,137.4,0.0,7122.400000000001,0.0
41686,0,0,0,0,4307386,3487909,7795295,39.7,16.0,64.4,25.4,0.0,977.0,130.1,0.0,7155.4,0.0
17914,0,0,0,0,2111583,1144449,3256032,26.8,5.5,58.3,31.0,76.0,1277.0,105.5,0.0,7173.3,0.0
15616,0,0,0,0,1350064,646099,1996163,48.7,21.2,86.1,17.8,0.0,985.0,106.3,0.0,7087.3,0.0
3560,0,0,0,0,1372555,606845,1979400,50.2,21.1,87.2,3.3,0.0,944.0,101.8,0.0,7138.0,0.0
13609,3344,10265,0,0,1372555,606845,1979400,50.2,21.1,87.2,3.3,0.0,944.0,101.8,0.0,7138.0,0.0
22798,6801,15997,0,0,1272223,547816,1820039,79.7,42.7,123.4,32.7,0.0,1400.0,115.7,0.0,7070.2,0.0
18829,5337,13492,0,0,1326069,501092,1827161,31.799999999999997,1.7999999999999998,67.3,13.0,0.0,1744.0,134.9,0.0,7119.1,0.0
20341,5803,14538,0,0,1398969,490723,1889692,60.699999999999996,33.4,95.5,21.8,0.0,827.0,115.7,0.0,7084.1,0.0
35175,13721,21454,0,0,1530243,509280,2039523,99.6,52.9,141.6,78.7,0.0,1646.0,115.3,0.0,7073.2,0.0
26491,9125,17366,0,0,1549232,508910,2058142,57.8,25.0,87.3,17.299999999999997,0.0,1297.0,125.1,0.0,7124.6,0.0
33111,12572,20539,0,0,1537801,501597,2039398,97.1,65.5,135.7,179.6,0.0,1234.0,102.89999999999999,0.0,7118.8,0.0
49876,21292,28584,0,0,1594929,530215,2125144,120.4,92.80000000000001,153.3,18.799999999999997,0.0,639.0,95.8,0.0,7099.0,0.0
64820,32542,32278,0,0,1501779,496915,1998694,151.6,121.0,187.2,9.7,0.0,1113.0,98.4,0.0,7110.5,0.0
51309,23508,27801,0,0,1325677,424677,1750354,164.3,126.6,201.0,0.3,0.0,1249.0,107.8,0.0,7091.7,0.0
76796,33741,43055,0,0,1697530,673394,2370924,149.9,113.3,188.9,13.799999999999999,0.0,892.0,136.7,0.0,7107.200000000001,0.0
94187,42829,51358,0,0,1898841,741506,2640347,169.1,127.30000000000001,207.3,7.4,0.0,1060.0,78.0,0.0,7126.1,0.0
96729,44886,51843,0,0,1831697,841485,2673182,163.1,134.9,201.1,65.0,0.0,1657.0,90.2,0.0,7066.8,0.0
115136,59174,55962,0,0,1855105,878484,2733589,189.6,156.1,225.0,17.5,0.0,514.0,73.5,0.0,7095.1,0.0
122626,59824,62802,0,0,1925116,948732,2873848,190.9,156.0,222.1,35.3,0.0,1463.0,89.2,0.0,7078.1,0.0
118060,57515,60545,0,35,1907575,956179,2863754,177.2,143.3,208.8,51.599999999999994,0.0,1074.0,101.9,0.0,7099.9,0.0
131381,63573,67808,0,0,1937170,975155,2912325,178.0,146.1,211.6,4.8,0.0,1502.0,86.8,0.0,7112.0,0.0
126884,59713,67171,0,3717,1966887,977197,2944084,172.6,144.9,204.9,33.8,0.0,1178.0,106.6,0.0,7082.2,0.0
142971,68434,74537,0,9405,2023838,1005009,3028847,157.6,123.8,188.9,0.0,0.0,1201.0,96.5,0.0,7124.6,0.0
133033,60877,72156,0,14934,1890211,885816,2776027,173.7,138.9,208.3,9.9,0.0,797.0,84.4,0.0,7104.0,0.0
148028,69404,78624,0,16619,1972429,1000545,2972974,169.9,131.6,203.3,0.0,0.0,962.0,78.3,0.0,7103.2,0.0
142324,63630,78694,0,20355,1936318,1006482,2942800,191.4,157.7,226.7,0.0,0.0,1434.0,109.1,0.0,7077.4,0.0
134893,62084,72809,0,24287,2055537,1062655,3118192,159.8,124.4,197.7,27.200000000000003,0.0,1455.0,118.9,0.0,7090.3,0.0
103606,44959,58647,0,22156,1838418,982199,2820617,132.0,115.5,151.7,52.400000000000006,0.0,683.0,123.4,0.0,7130.4,0.0
131227,55752,75475,0,32144,2029045,1085422,3114467,123.4,87.2,156.7,0.0,0.0,822.0,98.7,0.0,7167.5,0.0
141092,62026,79066,0,39891,2039751,1086377,3126128,140.5,96.0,180.6,2.8,0.0,1495.0,100.4,0.0,7105.6,0.0
93106,34115,58991,0,32744,2051572,1086118,3137690,79.4,54.5,108.8,17.3,0.0,1968.0,103.0,0.0,7106.3,0.0
128619,55486,73133,0,45085,2092570,1103833,3196403,116.2,74.5,159.4,0.0,0.0,1312.0,108.0,0.0,7105.2,0.0
84912,30584,54328,0,34277,1971008,1066912,3037920,86.7,38.8,131.7,11.2,0.0,1630.0,136.8,0.0,7104.2,0.0
68392,22020,46372,0,29606,1939148,1051709,2990857,67.3,39.5,102.10000000000001,84.10000000000001,0.0,1173.0,117.1,0.0,7144.599999999999,0.0
59119,17255,41864,0,26309,1925524,1023868,2949392,31.9,2.2,63.5,3.3,0.0,1705.0,125.0,0.0,7150.0,0.0
102921,42114,60807,0,41802,1949692,1001805,2951497,101.3,56.5,147.8,0.0,0.0,1490.0,117.69999999999999,0.0,7144.6,0.0
59699,17991,41708,0,26103,1846938,955874,2802812,64.8,25.599999999999998,97.8,34.800000000000004,0.0,1535.0,146.1,0.0,7100.0,0.0
53111,14874,38237,0,22387,1790073,898459,2688532,51.4,22.2,77.9,1.5,0.0,1451.0,131.3,0.0,7174.5,0.0
34072,10453,23619,0,13404,1501542,742406,2243948,35.0,12.4,58.9,20.8,0.0,1503.0,101.4,0.0,7127.3,0.0
35788,8049,27739,10231,13286,1785984,867784,2653768,9.4,-11.7,36.6,0.0,0.0,1757.0,109.6,0.0,7137.5,0.0
34829,7861,26968,21493,12502,1750185,867818,2618003,24.8,0.0,47.3,48.0,0.0,1360.0,94.8,0.0,7106.3,0.0
31494,7002,24492,18827,11599,1729876,876912,2606788,2.3000000000000003,-16.7,20.1,0.0,0.0,1391.0,105.0,0.0,7145.9,0.0
22510,5636,16874,13354,8255,1445009,704325,2149334,-4.3,-38.9,29.900000000000002,2.5,0.0,1672.0,151.5,0.0,7080.6,0.0
16618,3593,13025,10357,5690,1453427,720162,2173589,-7.1,-30.0,7.800000000000001,22.7,201.0,1319.0,103.7,0.0,7149.400000000001,0.0
26949,5560,21389,17126,9126,1736852,847942,2584794,1.4,-13.399999999999999,16.0,0.0,75.0,1319.0,89.10000000000001,0.0,7173.5,0.0
25631,4877,20754,16420,8649,1713667,853210,2566877,3.3,-15.5,20.599999999999998,7.4,0.0,1562.0,106.9,0.0,7067.7,0.0
23384,4075,19309,14854,8114,1640185,833662,2473847,-20.900000000000002,-46.8,7.299999999999999,1.3,50.0,1685.0,121.1,0.0,7134.5,0.0
15144,2201,12943,9654,5292,1624646,868545,2493191,-16.4,-36.1,-1.5999999999999996,33.0,1043.0,1056.0,140.1,0.0,7159.6,0.0
11299,1464,9835,7700,3504,1690365,884439,2574804,-47.0,-76.1,-23.8,8.200000000000001,1904.0,1930.0,135.5,0.0,7126.1,0.0
7897,1080,6817,5921,1919,1628808,882450,2511258,-84.4,-111.7,-59.800000000000004,9.5,2184.0,2015.0,103.4,0.0,7214.9,0.0
5102,830,4272,3647,1400,1591332,888220,2479552,-57.5,-91.0,-25.6,20.5,3732.0,1381.0,99.0,0.0,7184.6,0.0
25324,6757,18567,17744,6516,1896606,997072,2893678,23.2,-7.7,48.8,3.1,890.0,1612.0,118.8,0.0,7103.9,0.0
36091,10311,25780,25086,9302,1980406,1017949,2998355,16.5,-20.0,57.9,0.0,0.0,1425.0,92.2,0.0,7177.4,0.0
59618,22260,37358,42013,13679,2009038,1069040,3078078,73.1,36.7,114.0,1.5,0.0,1180.0,136.0,0.0,7166.200000000001,0.0
49809,21103,28706,32469,13057,1935089,1060303,2995392,32.1,7.3999999999999995,59.9,24.700000000000003,25.0,628.0,140.3,0.0,7163.5,0.0
57508,21761,35747,37093,16512,1988691,1075598,3064289,70.9,37.7,100.1,9.7,0.0,1071.0,135.5,0.0,7088.0,0.0
77244,34697,42547,48406,20752,2051243,1119350,3170593,60.6,12.8,105.1,0.0,0.0,1337.0,137.5,0.0,7154.7,0.0
78717,32730,45987,51436,20826,2016375,1122982,3139357,113.8,81.0,145.6,15.8,0.0,1158.0,109.9,0.0,7031.8,0.0
76947,29326,47621,48533,23480,2052586,1169359,3221945,62.7,32.2,97.80000000000001,0.3,0.0,1461.0,102.0,0.0,7106.3,0.0
68102,25203,42899,42774,21833,2020078,1162915,3182993,55.0,25.0,86.8,6.6,0.0,1284.0,106.9,0.0,7115.8,0.0
110890,52367,58523,70854,30219,2140540,1231004,3371544,109.3,63.2,159.4,21.200000000000003,0.0,889.0,149.0,0.0,7076.7,0.0
77379,29829,47550,46640,26895,2098959,1221768,3320727,74.1,46.7,104.4,43.2,0.0,786.0,104.6,0.0,7101.2,0.0
110049,49626,60423,62285,39778,2126399,1291638,3418037,88.4,47.7,119.0,3.3,0.0,576.0,70.8,0.0,7178.200000000001,0.0
146041,72950,73091,84419,48904,2157063,1343527,3500590,154.7,118.9,186.1,3.5999999999999996,0.0,1306.0,103.0,0.0,7158.4,0.0
127301,62354,64947,72122,45128,2158487,1423034,3581521,120.1,82.8,155.10000000000002,40.9,0.0,849.0,138.0,0.0,7128.200000000001,0.0
176667,94487,82180,101120,60585,2139953,1415593,3555546,159.6,113.4,199.5,0.0,0.0,1284.0,96.9,0.0,7107.0,0.0
190189,100175,90014,113369,62678,2313305,1584096,3897401,182.6,151.2,216.1,32.400000000000006,0.0,815.0,68.3,0.0,7086.5,0.0
185115,96695,88420,115235,56171,2315119,1626687,3941806,168.0,126.0,205.7,31.5,0.0,967.0,103.2,0.0,7080.6,0.0
146356,70908,75448,85481,51925,2230578,1593674,3824252,154.9,129.5,180.6,59.50000000000001,0.0,1579.0,135.5,0.0,7080.3,0.0
170747,91492,79255,103451,54396,2334460,1582155,3916615,164.4,130.6,198.9,58.199999999999996,0.0,1162.0,90.2,0.0,7116.8,0.0
164719,88234,76485,98454,54720,2218639,1679482,3898121,164.0,136.6,189.39999999999998,6.1,0.0,914.0,114.7,0.0,7096.3,0.0
182605,95707,86898,109348,60551,2411557,1728349,4139906,161.6,141.6,186.0,14.0,0.0,876.0,103.9,0.0,7115.7,0.0
190473,100088,90385,119137,58641,2440290,1810349,4250639,179.29999999999998,147.1,214.5,11.9,0.0,1366.0,85.7,0.0,7117.9,0.0
196855,106955,89900,127437,56813,2464006,2117955,4581961,175.8,142.7,205.5,12.8,0.0,1511.0,100.4,0.0,7108.2,0.0
189410,100556,88854,116989,60758,2498858,1858470,4357328,171.4,132.2,205.6,8.9,0.0,979.0,85.19999999999999,0.0,7114.1,0.0
180342,93141,87201,115941,53870,2364822,1779840,4144662,175.3,145.6,204.4,36.3,0.0,1022.0,105.3,0.0,7104.2,0.0
188742,97686,91056,119073,58762,2446965,1796193,4243158,178.6,153.2,208.4,1.3,0.0,607.0,72.8,0.0,7105.1,0.0
169967,83416,86551,103837,58101,2506339,1803988,4310327,191.9,157.8,233.3,49.8,0.0,1424.0,94.1,0.0,7109.3,0.0
180564,90988,89576,112021,58781,2848955,2012669,4861624,160.0,128.4,186.1,0.5,0.0,868.0,96.1,0.0,7095.5,0.0
184814,93519,91295,116631,58580,2607267,1967609,4574876,159.1,119.5,202.7,2.8,0.0,1548.0,103.2,0.0,7085.6,0.0
186043,90811,95232,116284,60726,2848064,2197073,5045137,166.1,130.5,207.10000000000002,1.8,0.0,933.0,96.2,0.0,7112.5,0.0
158392,72586,85806,92374,59693,2789975,2125863,4915838,131.4,97.2,168.4,19.8,0.0,1891.0,144.5,0.0,7101.6,0.0
163677,69792,93885,93458,64230,2852789,2043938,4896727,151.3,123.4,192.2,1.8,0.0,1081.0,86.2,0.0,7104.0,0.0
166451,72865,93586,91464,67738,2802431,2199379,5001810,145.8,132.1,169.0,17.1,0.0,1170.0,95.0,0.0,7109.4,0.0
151007,62753,88254,74553,70729,2707242,2067470,4774712,114.1,81.2,143.4,58.7,0.0,1691.0,95.2,0.0,7087.0,0.0
137179,50597,86582,64326,69005,2741179,1998901,4740080,89.8,54.9,124.4,68.3,0.0,1321.0,95.2,0.0,7114.2,0.0
105079,36122,68957,45529,57205,2676028,1982923,4658951,74.3,49.4,92.6,59.9,0.0,576.0,128.2,0.0,7067.5,0.0
113888,37708,76180,50435,60422,2755513,2007619,4763132,43.5,6.7,80.6,0.0,0.0,1740.0,87.8,0.0,7181.5,0.0
92882,26103,66779,39905,51449,2585061,1926949,4512010,55.1,26.0,76.0,15.2,0.0,1312.0,128.4,0.0,7094.8,0.0
82763,23459,59304,34951,46249,2669770,2033764,4703534,33.8,2.3000000000000003,65.0,5.6,0.0,1622.0,115.9,0.0,7141.0,0.0
48838,15164,33674,19793,27724,2042030,1473915,3515945,11.4,-21.5,39.4,2.1,0.0,1798.0,121.8,0.0,7134.2,0.0
80305,21495,58810,32124,46946,2721437,1919633,4641070,38.8,10.7,65.1,6.6,0.0,1535.0,98.0,0.0,7112.3,0.0
61265,15628,45637,24518,35800,2593404,1860630,4454034,10.8,-28.2,51.0,21.8,0.0,1444.0,133.7,0.0,7097.7,0.0
64225,17468,46757,26508,36683,2578197,1791966,4370163,44.8,14.0,76.7,5.8,0.0,1088.0,139.7,0.0,7141.1,0.0
37591,11775,25816,15394,21062,1793706,1151491,2945197,25.900000000000002,-8.9,58.300000000000004,6.3999999999999995,0.0,1211.0,109.1,0.0,7089.9,0.0
30386,9488,20898,13020,16485,1617417,1125459,2742876,15.7,-6.6000000000000005,34.0,22.200000000000003,177.0,1212.0,112.9,0.0,7078.6,0.0
20228,3392,16836,10210,9869,1746815,1148650,2895465,-47.5,-79.3,-13.8,0.5,330.0,1666.0,145.0,0.0,7149.799999999999,0.0
29408,5517,23891,15282,13851,2016991,1294314,3311305,-17.1,-48.8,7.199999999999999,1.9000000000000001,125.0,1131.0,112.4,0.0,7160.3,0.0
28162,4805,23357,15217,12689,2083300,1357842,3441142,-31.9,-64.0,2.100000000000001,7.3999999999999995,127.0,1947.0,131.5,0.0,7152.9,0.0
16818,2578,14240,9898,6800,2097579,1445499,3543078,-55.0,-91.8,-26.0,10.7,915.0,1935.0,104.2,0.0,7155.6,0.0
19303,3004,16299,10073,9112,2232380,1507120,3739500,-23.9,-49.3,-0.9999999999999997,24.900000000000002,1194.0,1486.0,139.2,0.0,7171.4,0.0
31011,5171,25840,15873,14904,2522653,1685527,4208180,-15.6,-37.2,13.3,3.3,457.0,1835.0,135.4,0.0,7115.5,0.0
29311,5420,23891,14944,13935,2442305,1685570,4127875,-9.4,-49.4,31.0,41.9,279.0,1641.0,165.1,0.0,7143.3,0.0
32576,6764,25812,16680,15396,2455439,1682104,4137543,-2.5999999999999996,-33.300000000000004,27.2,32.0,75.0,1609.0,111.0,0.0,7169.8,0.0
66541,21413,45128,36657,27909,2744145,1829032,4573177,42.8,8.3,86.7,6.3,0.0,1009.0,130.2,0.0,7136.6,0.0
48285,12169,36116,22481,24754,2647044,1936817,4583861,-2.7,-30.6,23.5,11.5,25.0,1637.0,126.6,0.0,7137.5,0.0
86228,32241,53987,40295,42665,2730323,1967485,4697808,67.0,29.4,111.6,24.1,0.0,1234.0,98.1,0.0,7105.1,0.0
61971,19916,42055,27372,32732,2622782,1771827,4394609,53.6,26.1,80.6,17.3,0.0,1712.0,139.7,0.0,7073.9,0.0
54531,14215,40316,22577,30891,2742850,1869711,4612561,32.1,6.7,61.6,52.0,0.0,1178.0,112.9,0.0,7091.1,0.0
78213,24011,54202,33668,42429,2782711,2009947,4792658,54.0,27.2,82.3,25.5,0.0,1580.0,128.5,0.0,7046.4,0.0
82881,27826,55055,37515,42312,2424776,1838808,4263584,74.10000000000001,31.8,104.4,14.0,0.0,1475.0,146.3,0.0,7090.0,0.0
108174,43602,64572,51966,51554,2705958,2003009,4708967,89.3,60.0,121.2,31.8,0.0,1525.0,147.3,0.0,7128.1,0.0
88800,27683,61117,38396,48432,2808880,1971946,4780826,74.3,48.4,103.3,18.1,0.0,1203.0,147.7,0.0,7128.4,0.0
91231,32826,58405,38421,49913,2791651,1994678,4786329,79.9,55.0,101.6,45.9,0.0,594.0,128.7,0.0,7105.8,0.0
177313,80560,96753,97653,72053,2885235,2063581,4948816,181.6,141.1,219.89999999999998,1.3,0.0,1185.0,109.1,0.0,7096.6,0.0
142108,59662,82446,70722,66162,2818433,2048944,4867377,129.4,93.9,163.4,29.9,0.0,1463.0,113.0,0.0,7075.3,0.0
158353,74714,83639,81307,69670,2844784,2112621,4957405,130.8,92.7,164.9,14.7,0.0,1157.0,121.7,0.0,7096.8,0.0
183695,90191,93504,100739,74353,2718166,2071644,4789810,160.7,127.3,195.4,3.0,0.0,1200.0,109.4,0.0,7081.8,0.0
156742,72136,84606,84079,66610,2859670,2115483,4975153,135.8,101.8,170.5,37.800000000000004,0.0,1109.0,84.0,0.0,7072.7,0.0
187606,94415,93191,101000,78171,2760923,2232455,4993378,190.6,142.3,232.2,2.8,0.0,1373.0,117.0,0.0,7098.3,0.0
190025,93833,96192,98358,84612,2616518,2173778,4790296,191.2,147.1,226.5,9.9,0.0,1408.0,104.7,0.0,7110.2,0.0
189924,94705,95219,94170,87596,2721291,2163832,4885123,178.6,137.8,214.9,1.5,0.0,1280.0,94.9,0.0,7126.5,0.0
180531,91037,89494,83639,89448,2442347,1908799,4351146,179.8,147.2,209.4,56.099999999999994,0.0,911.0,103.0,0.0,7105.9,0.0
172321,80730,91591,76218,90443,2697566,2175582,4873148,169.6,146.8,193.9,59.7,0.0,1125.0,102.1,0.0,7095.0,0.0
189622,90419,99203,82725,100472,2699005,2107265,4806270,195.2,159.0,227.2,61.2,0.0,1757.0,122.7,0.0,7064.0,0.0
195683,95180,100503,89402,99554,2738540,2346922,5085462,172.2,140.1,201.0,10.4,0.0,1537.0,78.7,0.0,7104.8,0.0
174076,82259,91817,79507,88746,2715424,2135469,4850893,192.7,167.3,223.9,14.7,0.0,1191.0,105.7,0.0,7093.7,0.0
175006,81837,93169,77233,91175,2676515,2086144,4762659,165.4,135.1,192.4,3.0,0.0,1201.0,98.4,0.0,7121.9,0.0
184797,87160,97637,78586,99621,2725250,2171804,4897054,167.7,136.1,199.4,17.0,0.0,795.0,95.0,0.0,7108.5,0.0
182090,82119,99971,78545,97676,3024349,2215333,5239682,171.5,134.3,206.7,4.1,0.0,1220.0,76.9,0.0,7105.2,0.0
172229,76563,95666,72083,94637,3092534,2291815,5384349,176.7,144.5,209.0,19.6,0.0,1516.0,114.6,0.0,7105.1,0.0
166671,73314,93357,69786,91752,2839761,2167294,5007055,163.1,132.2,192.8,33.0,0.0,1071.0,81.7,0.0,7109.9,0.0
176309,76847,99462,80955,90433,3147133,2534588,5681721,157.9,124.4,193.9,1.6,0.0,1426.0,88.4,0.0,7106.6,0.0
153736,60723,93013,70380,79355,3093199,2345513,5438712,142.0,107.2,174.4,12.0,0.0,1188.0,102.5,0.0,7098.4,0.0
146417,55788,90629,60798,82576,3156936,2378689,5535625,102.60000000000001,72.7,132.2,0.0,0.0,824.0,104.6,0.0,7166.2,0.0
140390,54684,85706,56099,80994,3158164,2566666,5724830,103.5,57.8,147.3,1.6,0.0,1807.0,83.5,0.0,7160.5,0.0
116518,42415,74103,43847,69750,3015212,2370791,5386003,85.89999999999999,50.6,123.3,27.2,0.0,1703.0,115.7,0.0,7082.1,0.0
127921,47272,80649,47534,77584,3033223,2255665,5288888,86.8,48.900000000000006,125.0,0.0,0.0,1703.0,155.0,0.0,7082.2,0.0
115266,39617,75649,42689,70459,3076146,2286796,5362942,94.7,61.6,128.8,29.2,0.0,907.0,90.3,0.0,7127.0,0.0
120447,39143,81304,48715,69628,3061924,2246844,5308768,111.0,74.4,148.3,12.5,0.0,1208.0,126.9,0.0,7098.6,0.0
97711,29637,68074,46197,49896,2965803,2214659,5180462,62.1,36.3,92.7,0.0,0.0,1735.0,115.0,0.0,7160.0,0.0
48671,10999,37672,21114,27130,2848900,2171884,5020784,-9.6,-30.1,8.4,3.9,0.0,1500.0,135.0,0.0,7162.2,0.0
55879,18450,37429,22401,31888,2197231,1569770,3767001,40.8,2.8999999999999995,78.8,6.9,0.0,1379.0,98.1,0.0,7127.8,0.0
62152,15444,46708,24499,36972,2942238,2085900,5028138,12.399999999999999,-25.1,53.9,7.6,0.0,1566.0,153.9,0.0,7128.200000000001,0.0
60168,14660,45508,24415,35165,2910628,2089799,5000427,25.099999999999998,12.299999999999999,36.7,11.4,0.0,1165.0,83.4,0.0,7153.5,0.0
41499,9440,32059,16663,24508,2808774,2059751,4868525,-1.8000000000000007,-13.9,8.9,43.89999999999999,50.0,1274.0,148.6,0.0,7097.4,0.0
22072,4605,17467,8714,13224,2055318,1335248,3390566,-67.4,-105.0,-40.5,1.8,178.0,1646.0,138.0,0.0,7156.3,0.0
30607,9291,21316,13325,16649,1976038,1333877,3309915,9.8,-22.2,37.2,4.1,50.0,1703.0,111.3,0.0,7109.0,0.0
41776,9778,31998,19787,21489,2274018,1614768,3888786,9.8,-5.6,27.9,29.5,0.0,1432.0,81.69999999999999,0.0,7117.7,0.0
56065,12433,43632,25967,29575,2875163,1974036,4849199,15.6,-7.2,42.199999999999996,0.0,0.0,1332.0,117.1,0.0,7125.8,0.0
46210,9296,36914,21843,24023,2712643,1868886,4581529,16.9,5.5,33.4,18.3,0.0,1552.0,127.39999999999999,0.0,7078.3,0.0
33382,5467,27915,16384,16812,2826576,1975719,4802295,-18.2,-42.3,6.1,11.4,177.0,1355.0,122.9,0.0,7123.7,0.0
33083,5849,27234,15780,17095,2717017,1851396,4568413,-48.7,-86.0,-17.2,0.0,150.0,1875.0,124.3,0.0,7185.9,0.0
51740,11871,39869,26011,25110,2990458,1940158,4930616,19.5,-18.3,56.5,29.7,0.0,1559.0,110.7,0.0,7134.6,0.0
50100,12236,37864,24080,25274,2933536,2004319,4937855,25.4,-6.1,54.5,18.9,25.0,1459.0,159.8,0.0,7096.5,0.0
46433,10604,35829,20493,25432,2857273,1926939,4784212,5.7,-21.7,32.2,27.2,25.0,1155.0,121.8,0.0,7112.4,0.0
60297,14742,45555,26448,33106,3019798,1994886,5014684,34.3,7.299999999999999,66.7,27.8,0.0,869.0,120.7,0.0,7068.4,0.0
53444,12218,41226,22404,30528,3028395,2190599,5218994,23.3,8.4,42.3,17.5,25.0,547.0,125.9,0.0,7151.1,0.0
50450,12010,38440,20913,28961,2977036,2079017,5056053,1.5000000000000004,-30.0,37.8,9.2,0.0,1844.0,147.4,0.0,7130.5,0.0
59874,14385,45489,24093,35068,2963840,2018544,4982384,38.3,14.0,68.8,31.200000000000003,0.0,1019.0,133.2,0.0,7103.900000000001,0.0
69963,18939,51024,28195,40665,3047359,2163356,5210715,45.3,6.7,84.3,13.0,0.0,1346.0,127.39999999999999,0.0,7115.3,0.0
82658,27799,54859,32953,47695,2757432,2043342,4800774,74.3,32.2,120.5,15.2,0.0,1050.0,118.6,0.0,7142.9,0.0
144138,57599,86539,59869,80643,3198573,2254675,5453248,133.1,81.10000000000001,180.6,5.3,0.0,1456.0,119.9,0.0,7089.1,0.0
90983,28054,62929,34616,54981,3107062,2237679,5344741,63.599999999999994,29.400000000000002,99.9,10.1,0.0,1673.0,131.2,0.0,7084.7,0.0
90283,27239,63044,34785,54116,3164851,2220862,5385713,60.1,25.5,91.6,8.6,0.0,1050.0,100.5,0.0,7097.4,0.0
122822,46225,76597,52164,67932,3265719,2286035,5551754,100.5,65.6,141.1,4.3,0.0,1390.0,128.7,0.0,7071.5,0.0
114330,39187,75143,49662,62544,3155302,2210723,5366025,119.69999999999999,86.8,158.8,9.6,0.0,465.0,85.3,0.0,7133.8,0.0
144037,56084,87953,66703,74147,3187642,2248430,5436072,115.4,73.3,160.0,0.8,0.0,1023.0,97.1,0.0,7124.6,0.0
153511,63573,89938,69398,80609,3213470,2430358,5643828,125.2,82.2,165.5,0.0,0.0,382.0,95.0,0.0,7154.700000000001,0.0
181738,80936,100802,83429,94111,3013518,2300010,5313528,172.1,128.5,215.7,0.0,0.0,556.0,85.6,0.0,7108.1,0.0
166097,67877,98220,72485,90494,3157465,2412738,5570203,138.3,99.4,179.4,1.3,0.0,342.0,97.1,0.0,7083.4,0.0
151265,61828,89437,63295,84968,2984300,2371722,5356022,126.2,91.6,167.7,13.2,0.0,886.0,100.1,0.0,7061.8,0.0
187280,82003,105277,82686,100388,2952738,2418096,5370834,171.7,133.9,212.7,36.8,0.0,495.0,103.0,0.0,7086.3,0.0
132329,52585,79744,56484,72913,2888372,2387142,5275514,164.1,139.0,194.4,102.9,0.0,1065.0,94.1,0.0,7066.3,0.0
176778,82438,94340,82874,89181,2783381,2001142,4784523,167.3,130.6,203.79999999999998,56.9,0.0,1172.0,75.6,0.0,7087.4,0.0
168185,69360,98825,77359,87166,3035109,2348171,5383280,164.0,134.5,201.7,80.5,0.0,1652.0,96.7,0.0,7071.6,0.0
189540,79894,109646,89728,95446,3145192,2513868,5659060,165.4,130.1,199.4,3.0,0.0,1297.0,82.1,0.0,7093.0,0.0
180076,75923,104153,87221,88601,3061116,2319222,5380338,185.2,151.7,217.3,39.3,0.0,727.0,79.3,0.0,7099.1,0.0
178589,75172,103417,89508,85047,3135129,2728358,5863487,168.0,138.4,194.79999999999998,17.0,0.0,859.0,89.2,0.0,7109.3,0.0
183802,76900,106902,95250,83770,3106234,2424133,5530367,165.5,137.7,198.8,1.1,0.0,1284.0,93.1,0.0,7066.9,0.0
168104,70624,97480,87678,76407,3080047,2338745,5418792,156.3,119.9,191.6,84.1,0.0,1441.0,102.5,0.0,7092.9,0.0
168860,65955,102905,86068,79571,3354265,2331350,5685615,180.2,148.9,210.0,0.0,0.0,744.0,115.3,0.0,7108.7,0.0
173092,69761,103331,92968,79733,3602251,2549544,6151795,156.1,112.3,195.0,0.0,0.0,1036.0,99.69999999999999,0.0,7116.7,0.0
159485,64719,94766,85105,74380,3293354,2465488,5758842,156.3,125.0,187.29999999999998,11.0,0.0,1323.0,101.9,0.0,7100.6,0.0
145200,55081,90119,75119,70081,3459298,2650905,6110203,124.0,92.3,154.6,56.7,0.0,1397.0,68.8,0.0,7125.9,0.0
154881,57944,96937,79209,75672,3495433,2659450,6154883,140.7,112.2,168.4,7.7,0.0,1063.0,77.5,0.0,7124.1,0.0
154542,56920,97622,78647,75895,3572135,2584093,6156228,141.6,114.4,172.0,6.9,0.0,707.0,81.6,0.0,7135.7,0.0
155145,57807,97338,78421,76724,3591174,2872135,6463309,124.6,93.3,155.5,12.0,0.0,1654.0,96.8,0.0,7113.7,0.0
105675,32968,72707,50607,55068,3371177,2549862,5921039,84.6,57.199999999999996,112.1,43.2,0.0,1396.0,119.0,0.0,7077.8,0.0
120830,38022,82808,60424,60406,3530065,2612998,6143063,82.6,51.6,112.1,7.8,0.0,1620.0,98.1,0.0,7083.1,0.0
110044,32526,77518,55223,54821,3374211,2487918,5862129,102.7,71.1,129.9,21.3,0.0,1719.0,124.7,0.0,7125.9,0.0
91908,25883,66025,46479,45429,3489512,2441638,5931150,43.3,10.5,72.80000000000001,0.3,0.0,1798.0,108.7,0.0,7154.0,0.0
103733,29570,74163,51071,52662,3434313,2488646,5922959,68.2,41.199999999999996,100.0,0.5,0.0,1313.0,108.80000000000001,0.0,7130.3,0.0
105134,29005,76129,51283,53851,3478710,2568776,6047486,71.6,24.9,114.89999999999999,0.3,0.0,1520.0,91.3,0.0,7140.2,0.0
44461,11061,33400,20294,24167,2422469,1700849,4123318,24.1,5.5,43.4,28.5,0.0,1850.0,102.9,0.0,7137.799999999999,0.0
59118,12590,46528,27343,31775,3283224,2251227,5534451,13.7,-7.8,35.2,31.5,0.0,1327.0,109.9,0.0,7101.7,0.0
69981,15890,54091,33494,36487,3443037,2368272,5811309,37.6,13.9,57.3,7.6,0.0,1513.0,127.4,0.0,7100.4,0.0
59768,12757,47011,27670,32098,3321239,2235935,5557174,28.0,1.0999999999999988,52.699999999999996,16.3,0.0,1569.0,93.5,0.0,7188.1,0.0
44289,9817,34472,20010,24279,3095112,1933145,5028257,33.0,11.600000000000001,52.2,15.0,0.0,1232.0,87.6,0.0,7157.8,0.0
29234,7784,21450,13649,15585,2308126,1456059,3764185,34.0,12.2,53.5,21.6,0.0,1611.0,113.1,0.0,7089.5,0.0
41144,8329,32815,19610,21534,2538785,1685495,4224280,5.199999999999999,-8.3,18.4,4.6,50.0,1800.0,97.0,0.0,7141.6,0.0
32122,4909,27213,15687,16435,2898462,1920642,4819104,-21.9,-41.8,-2.8000000000000007,39.7,304.0,1287.0,148.9,0.0,7045.3,0.0
16323,2295,14028,10254,6069,2467043,1630510,4097553,-84.8,-115.7,-59.0,2.6,279.0,1888.0,132.3,0.0,7179.2,0.0
32780,5592,27188,17471,15309,3282473,2197040,5479513,20.3,8.8,31.2,30.2,101.0,1041.0,90.7,0.0,7150.3,0.0
48202,8912,39290,32146,16056,3503958,2239664,5743622,23.8,7.199999999999999,45.300000000000004,0.0,0.0,1236.0,108.1,0.0,7128.2,0.0
52522,11026,41496,35636,16886,3501191,2241531,5742722,35.6,10.6,63.9,4.3,0.0,1431.0,103.8,0.0,7116.9,0.0
45620,8473,37147,28293,17327,3451577,2245235,5696812,7.0,-27.799999999999997,37.900000000000006,1.5,0.0,1899.0,110.1,0.0,7123.1,0.0
59110,13355,45755,34272,24838,3374026,2190160,5564186,47.1,6.199999999999999,91.6,3.8,51.0,1571.0,102.1,0.0,7094.6,0.0
75382,21622,53760,43414,31968,3531908,2275196,5807104,61.6,15.599999999999998,112.2,13.8,0.0,1403.0,136.6,0.0,7093.9,0.0
60504,14444,46060,31185,29319,3449995,2240998,5690993,51.8,25.400000000000002,75.4,52.9,0.0,999.0,128.8,0.0,7106.9,0.0
80537,24523,56014,39742,40795,3550498,2665312,6215810,68.89999999999999,31.1,115.0,24.6,0.0,1148.0,142.8,0.0,7088.2,0.0
57605,12606,44999,26092,31513,3411387,2293255,5704642,19.4,-7.2,48.8,3.6,0.0,1248.0,135.3,0.0,7135.6,0.0
67873,18087,49786,31621,36252,3124289,2134703,5258992,54.1,19.3,91.2,45.2,0.0,1021.0,137.3,0.0,7084.7,0.0
55246,13786,41460,23662,31584,3428764,2371593,5800357,42.4,21.8,70.6,35.8,0.0,916.0,136.8,0.0,7063.7,0.0
119459,43283,76176,56621,62838,3639378,2413388,6052766,106.5,63.900000000000006,142.2,3.3,0.0,1295.0,113.1,0.0,7067.0,0.0
100221,30039,70182,44508,55713,3700137,2467672,6167809,90.3,52.199999999999996,126.0,3.1,0.0,1305.0,140.9,0.0,7110.6,0.0
105416,34133,71283,47244,58172,3658198,2446732,6104930,95.8,55.099999999999994,128.9,45.199999999999996,0.0,1077.0,145.3,0.0,7115.7,0.0
128759,46149,82610,61162,67597,3776775,2500308,6277083,127.4,85.1,164.5,56.599999999999994,0.0,1110.0,97.5,0.0,7090.1,0.0
124648,45714,78934,63318,61330,3691052,2497257,6188309,120.2,79.0,161.8,43.9,0.0,1178.0,104.39999999999999,0.0,7058.5,0.0
146078,56249,89829,75512,70566,3720725,2582675,6303400,135.5,100.6,173.9,15.299999999999999,0.0,877.0,99.8,0.0,7066.8,0.0
145322,57037,88285,75222,70100,3668060,2649287,6317347,152.5,115.0,189.4,40.3,0.0,1065.0,118.2,0.0,7057.2,0.0
132557,52200,80357,63874,68683,3406224,2374250,5780474,126.5,93.3,162.3,16.7,0.0,988.0,91.89999999999999,0.0,7112.8,0.0
166472,67487,98985,77949,88523,3670790,2657624,6328414,157.2,118.4,198.5,21.1,0.0,1689.0,124.2,0.0,7050.0,0.0
171138,72003,99135,82275,88863,3468157,2596393,6064550,165.9,122.3,209.0,0.5,0.0,1053.0,106.7,0.0,7091.8,0.0
178358,78164,100194,84576,93782,3386006,2550232,5936238,198.0,161.7,234.4,40.6,0.0,1406.0,121.4,0.0,7107.4,0.0
161802,67885,93917,77144,84658,3511315,2610040,6121355,166.9,136.6,192.8,16.7,0.0,1205.0,117.1,0.0,7086.9,0.0
166693,79643,87050,80906,85787,3182893,2326235,5509128,168.8,139.9,202.7,17.5,0.0,1570.0,91.5,0.0,7096.6,0.0
157021,64325,92696,77135,79886,3473002,2493409,5966411,173.5,141.7,202.79999999999998,99.60000000000001,0.0,745.0,80.2,0.0,7103.0,0.0
180622,77278,103344,90373,90249,3510981,2616583,6127564,167.2,134.4,199.0,8.1,0.0,1263.0,83.6,0.0,7109.0,0.0
174237,73443,100794,87196,87041,3522936,2626311,6149247,166.9,133.7,195.0,35.9,0.0,815.0,77.2,0.0,7125.7,0.0
179262,78169,101093,86805,92457,3467889,2904354,6372243,187.1,153.9,223.3,31.5,0.0,1587.0,73.0,0.0,7081.1,0.0
177950,77066,100884,87934,90016,3465094,2682952,6148046,158.8,128.4,188.8,3.3,0.0,1500.0,109.7,0.0,7104.8,0.0
153051,60320,92731,71325,81726,3394081,2564071,5958152,165.4,134.5,197.7,45.0,0.0,1448.0,80.8,0.0,7099.0,0.0
172450,71442,101008,77249,95201,3327394,2343038,5670432,158.1,117.80000000000001,192.8,0.0,0.0,966.0,81.2,0.0,7152.0,0.0
175391,76337,99054,78766,91564,3842181,2758261,6600442,183.0,151.7,217.2,31.3,0.0,1666.0,101.7,0.0,7117.0,0.0
191769,84107,107662,74541,82994,3624917,2615465,6240382,139.4,101.8,174.0,0.0,0.0,1207.0,93.4,0.0,7155.200000000001,0.0
208829,88025,120804,81160,90995,3889081,2753728,6642809,167.0,122.80000000000001,209.5,0.0,279.0,1013.0,80.0,0.0,7127.5,0.0
192916,79723,113193,73782,85223,3894852,2833084,6727936,172.3,129.4,217.7,31.7,0.0,1117.0,66.9,0.0,7094.2,0.0
170123,66596,103527,61112,78888,3787281,2766717,6553998,140.9,122.2,159.5,36.1,0.0,867.0,116.7,0.0,7083.5,0.0
161695,59461,102234,69673,87688,4016863,2746640,6763503,137.4,96.7,172.3,2.5,0.0,1347.0,102.2,0.0,7119.7,0.0
161278,63936,97342,76629,84649,3920583,3112186,7032769,118.8,81.7,157.2,0.0,0.0,1412.0,94.6,0.0,7119.2,0.0
120768,42901,77867,53848,66920,3747354,2763707,6511061,85.0,42.7,125.4,10.6,0.0,1802.0,101.2,0.0,7184.0,0.0
126335,40440,85895,58347,67988,3922435,2702986,6625421,99.9,58.4,138.3,20.1,0.0,1774.0,84.7,0.0,7153.3,0.0
113322,33605,79717,49423,63899,3824351,2602522,6426873,107.89999999999999,73.4,143.2,1.6,0.0,1407.0,147.6,0.0,7127.6,0.0
96656,27311,69345,40904,55752,3649331,2558568,6207899,95.9,76.2,121.2,46.199999999999996,0.0,1667.0,112.9,0.0,7118.1,0.0
93482,25695,67787,43502,49980,3762254,2617533,6379787,71.1,48.3,89.6,10.0,0.0,1499.0,102.2,0.0,7121.8,0.0
69794,17337,52457,31518,38276,3639347,2660594,6299941,55.9,28.2,77.7,21.3,25.0,1633.0,130.1,0.0,7074.5,0.0
36658,8585,28073,15884,20774,2603071,1760166,4363237,-2.999999999999999,-26.6,20.6,0.0,0.0,1789.0,117.89999999999999,0.0,7132.6,0.0
52177,10922,41255,21666,30511,3581407,2441864,6023271,-9.2,-45.1,25.6,0.0,0.0,1750.0,134.8,0.0,7147.0,0.0
46757,9076,37681,19049,27708,3391738,2341068,5732806,-1.0999999999999996,-30.7,22.3,10.200000000000001,0.0,1431.0,116.8,0.0,7158.8,0.0
41952,8189,33763,15970,25982,3392475,2239367,5631842,2.1999999999999993,-23.200000000000003,21.599999999999998,3.9,25.0,1835.0,108.1,0.0,7172.3,0.0
24704,6869,17835,9000,15704,2254811,1387886,3642697,43.1,26.1,56.1,28.2,0.0,856.0,102.0,0.0,7125.6,0.0
28171,6821,21350,10355,17816,833850,566922,1400772,-12.600000000000001,-30.5,7.3,16.8,0.0,1384.0,125.6,0.0,7138.7,0.0
